CREATE DATABASE IF NOT EXISTS news_db;

GRANT ALL PRIVILEGES ON news_db.* TO 'testuser'@'%';
FLUSH PRIVILEGES;

USE news_db;

CREATE TABLE `authors` (
  `id` int(11) NOT NULL,
  `first_name` varchar(30) NOT NULL,
  `last_name` varchar(30) NOT NULL
) ENGINE=InnoDB DEFAULT CHARSET=utf8mb4;

INSERT INTO `authors` (`id`, `first_name`, `last_name`) VALUES
(1, 'Elsie', 'Cassin'),
(2, 'Genesis', 'Krajcik'),
(3, 'Jodie', 'DuBuque'),
(4, 'Cecilia', 'Rodriguez'),
(5, 'Krystina', 'Gusikowski'),
(6, 'Violet', 'Kohler'),
(7, 'Louisa', 'Gottlieb'),
(8, 'Kiara', 'Raynor'),
(9, 'Ettie', 'Boyer'),
(10, 'Whitney', 'Hauck'),
(11, 'Alisha', 'Sanford'),
(12, 'Kane', 'Schmitt'),
(13, 'Helen', 'McClure'),
(14, 'Jeanie', 'Herzog'),
(15, 'Melvin', 'Davis'),
(16, 'Madelynn', 'Jacobs'),
(17, 'Rebeca', 'Daugherty'),
(18, 'Arvid', 'Jaskolski'),
(19, 'Isom', 'Schuster'),
(20, 'Vergie', 'Torp'),
(21, 'Hortense', 'Stiedemann'),
(22, 'Nikki', 'Schowalter'),
(23, 'Bradley', 'Roberts'),
(24, 'Michelle', 'Roberts'),
(25, 'Brown', 'Hagenes');

CREATE TABLE `categories` (
  `id` int(11) NOT NULL,
  `name` varchar(30) NOT NULL
) ENGINE=InnoDB DEFAULT CHARSET=utf8mb4;

INSERT INTO `categories` (`id`, `name`) VALUES
(1, 'News'),
(2, 'Sport'),
(3, 'Music'),
(4, 'Business'),
(5, 'Technology'),
(6, 'Politics'),
(7, 'Health');

CREATE TABLE `locations` (
  `id` int(11) NOT NULL,
  `name` varchar(30) NOT NULL
) ENGINE=InnoDB DEFAULT CHARSET=utf8mb4;

INSERT INTO `locations` (`id`, `name`) VALUES
(1, 'Trace Harbor, Port Zoie'),
(2, 'Laurine Square, South Newellfo'),
(3, 'Myrtie Lane, North Vilmaberg'),
(4, 'Lind Lock, East Madisenborough'),
(5, 'Vesta Route, Lake Rogerfurt'),
(6, 'Hauck Loop, South Selmerstad'),
(7, 'Homenick Valley, Kirlinborough'),
(8, 'Schoen Circle, Conroymouth'),
(9, 'Schultz Burgs, Port Laurybury'),
(10, 'Fahey Road, Port Amayaberg'),
(11, 'Yost Parkway, Bernhardmouth'),
(12, 'Hoeger Creek, Eileenside'),
(13, 'Trycia Point, East Nicholas'),
(14, 'Dillon Mountains, Lake Sidneyb'),
(15, 'Pacocha Parks, Lindgrenport');

CREATE TABLE `stories` (
  `id` int(11) NOT NULL,
  `headline` varchar(255) NOT NULL,
  `short_headline` varchar(255) NOT NULL,
  `subheadline` varchar(500) NOT NULL,
  `article` text NOT NULL,
  `img_url` varchar(255) NOT NULL,
  `author_id` int(11) NOT NULL,
  `category_id` int(11) NOT NULL,
  `location_id` int(11) NOT NULL,
  `created_at` timestamp NOT NULL DEFAULT current_timestamp(),
  `updated_at` timestamp NOT NULL DEFAULT current_timestamp()
) ENGINE=InnoDB DEFAULT CHARSET=utf8mb4;

INSERT INTO `stories` (`id`, `headline`, `short_headline`, `subheadline`, `article`, `img_url`, `author_id`, `category_id`, `location_id`, `created_at`, `updated_at`) VALUES
(1, 'Sed doloribus et neque aut voluptas et praesentium rem nihil quaerat saepe architecto quam accusantium aut.', 'Sed doloribus et neque aut voluptas', 'Lorem ipsum dolor sit amet, consectetuer adipiscing elit. Aenean commodo ligula eget dolor. Aenean massa. Cum sociis natoque penatibus et magnis dis parturient montes, nascetur ridiculus mus. Donec quam felis, ultricies nec, pellentesque eu, pretium quis, sem. Nulla consequat massa quis enim. Donec pede justo, fringilla vel, aliquet nec, vulputate ', '<p>Qui provident non doloremque dolor. Debitis delectus ullam aspernatur harum ipsa saepe quis. At quae culpa libero vel. A error qui ut fugiat.</p><p>Aut architecto veritatis dignissimos vel quam fugit. Eos consequatur quia omnis eum qui porro. Rerum quisquam assumenda et nulla in eveniet ab. Tenetur error reprehenderit consequatur.</p><p>Exercitationem qui et labore sed. Recusandae nisi quos omnis ut optio esse deserunt. Voluptatem maxime nihil ad beatae adipisci. Velit commodi nulla praesentium voluptas soluta et illum odio.</p><p>Eius officiis eum dolores aut. Beatae eaque temporibus eum cum quis rerum. Molestias minima qui suscipit odio error et maiores mollitia. Ipsum consequatur sit alias nihil quod. Dolorem rerum reprehenderit qui quidem harum id et.</p><p>Veritatis cum voluptatibus optio id consequuntur beatae dolores. Aut ipsum quaerat quo non. Distinctio sed delectus occaecati blanditiis ut est accusamus.</p><p>Expedita provident nisi nam ea quia. Natus velit cum officiis eos est ut. Amet porro architecto id modi dolorem est.</p><p>Esse ipsam sint id aspernatur velit voluptas. Dolores facilis quam quasi odit consequatur voluptatem. Saepe et magni temporibus consequatur autem nostrum molestiae et. Officiis ipsum et assumenda rerum necessitatibus et.</p>', 'images/photo-1493225457124-a3eb161ffa5f.jpg', 19, 3, 14, '2024-01-17 17:38:08', '2024-01-18 16:39:29'),
(2, 'Perspiciatis saepe quia et esse doloremque dolores reiciendis quidem minima voluptate sed accusantium.', 'Perspiciatis saepe quia et esse doloremque', 'Nullam quis ante etiam sit amet orci eget eros faucibus tincidunt. Duis leo sed fringilla mauris sit amet nibh. Donec quam felis ultricies nec pellentesque eu pretium quis sem nulla consequat massa quis enim.', '<p>Velit veritatis voluptatem est consequatur laboriosam omnis sed. Voluptatem tempora pariatur qui libero id porro. At error praesentium eligendi rerum harum et.</p><p>Officiis accusantium quam qui explicabo repudiandae reiciendis suscipit aspernatur. Porro pariatur expedita atque modi quo. Labore sunt quis quis tempore. Excepturi ratione ab quia ducimus voluptatem.</p><p>Dolores facilis ut explicabo sint ab a. Officiis beatae omnis ut possimus eum. Recusandae dolorem neque voluptatem enim. Voluptas omnis eos culpa ut consequatur sit.</p><p>Molestiae magni veniam repudiandae et quae. Autem et eum quae. Aut ex officiis dolorem reiciendis sit ut. Beatae similique accusamus pariatur quos iste quos nulla fuga.</p><p>Quasi eveniet dolor qui eligendi incidunt consequatur. Repudiandae nemo eum saepe et quod culpa totam. Dolorem est rerum consequatur velit sed.</p>', 'images/photo-1594381898411-846e7d193883.jpg', 13, 2, 12, '2024-01-17 17:38:09', '2024-01-18 16:39:29'),
(3, 'Maxime quis accusantium iure voluptas voluptas nisi expedita qui.', 'Maxime quis accusantium iure voluptas voluptas', 'Donec sodales sagittis magna sed consequat leo eget bibendum sodales augue velit cursus nunc. Aenean massa cum sociis natoque penatibus et magnis dis parturient montes nascetur ridiculus mus. Donec quam felis ultricies nec pellentesque eu pretium.', '<p>Quaerat iste nihil aut unde saepe. Dolore esse repellat qui in nemo. Ex rem voluptas qui et animi nisi a. Optio quis quod non non recusandae a. Qui quasi quaerat deleniti deserunt fuga labore labore magnam.</p><p>Mollitia ut nam veritatis libero autem necessitatibus quis. Voluptas dolor non eveniet fugiat. Et voluptas porro itaque.</p><p>Numquam et quia sit veritatis illo sit reprehenderit. Quos voluptatem dolores in consectetur rerum non ratione. Vero sed porro numquam pariatur optio. Expedita molestias similique laborum omnis ad a beatae.</p><p>Sit est repudiandae beatae distinctio maxime dolores et. Esse facilis perspiciatis odit eos. Quia molestias aut nobis voluptatibus quia.</p><p>Ea omnis optio nisi molestias dolores fuga eum. Possimus expedita asperiores maxime quis optio odit. Facilis autem quisquam veniam consequatur. Nam at et recusandae voluptatem minima magnam sunt.</p><p>Quis ex consequatur id qui consequuntur saepe. Ut sunt unde quia est nulla.</p><p>Accusantium quaerat et est laboriosam velit labore expedita. Rerum dicta quae perferendis non ut. Pariatur magni praesentium illo dolores et rem ut. Voluptatem laborum voluptas officia ipsa a.</p>', 'images/photo-1611287158961-84f21a9a9fb8.jpg', 22, 1, 1, '2024-01-17 17:38:10', '2024-01-18 16:39:29'),
(4, 'Rem nostrum rerum ipsam quod dolor suscipit nobis velit praesentium quia cumque et in harum.', 'Rem nostrum rerum ipsam quod dolor', 'Maecenas tempus tellus eget condimentum rhoncus sem quam semper libero sit amet adipiscing sem neque sed ipsum. Nam quam nunc blandit vel luctus pulvinar hendrerit id lorem. Maecenas nec odio et ante tincidunt tempus donec vitae sapien.', '<p>Perspiciatis eligendi rem unde. Perspiciatis aut porro et molestiae. Soluta ut dolor rerum quidem quo.</p><p>Perspiciatis quasi veritatis ab veniam maxime. Dolore nesciunt ea nesciunt. Veniam et alias illo ducimus unde occaecati nam. Aliquid occaecati ab iure ducimus modi consectetur.</p><p>Sunt qui in quia at vero. Esse recusandae libero neque est. Harum qui sapiente optio illo aut neque consectetur.</p><p>Ut rerum qui praesentium et facilis quas molestiae. Et sunt vel facere repellat velit corrupti.</p><p>Voluptatem dolorum nostrum placeat in perspiciatis aut. Perferendis dolores ducimus aut aut. In error est esse possimus ipsum cum sit. Et officiis suscipit eaque quae.</p><p>Cum dolorum eveniet cupiditate. Voluptatibus velit a voluptas aut. Mollitia dolorem minima ut enim voluptas. Id inventore sint eum labore laboriosam et.</p>', 'images/photo-1585621243952-f68eae991dd6.jpg', 6, 1, 10, '2024-01-17 17:38:10', '2024-01-18 16:39:29'),
(5, 'Ut sed quam dolores voluptatem hic impedit quia velit nobis quis culpa soluta maxime optio.', 'Ut sed quam dolores voluptatem hic', 'Praesent vestibulum dapibus nibh etiam iaculis nunc ac metus ut id nisl quis enim dignissim sagittis. Etiam sollicitudin ipsum eu pulvinar rutrum tellus ipsum laoreet sapien. Sed non neque elit sed tincidunte magna cras ornare arcu dui vivamus.', '<p>Fugit et sapiente officiis est voluptatem ut dolorum. Exercitationem ullam dicta quaerat id tenetur explicabo. Vero aut possimus expedita voluptatibus illum distinctio beatae. Nobis occaecati modi nihil et sit.</p><p>Iste sapiente unde voluptatem aliquid. Aut omnis commodi ullam voluptatibus. Nostrum dolores qui impedit optio. Aut est harum quis accusantium id.</p><p>Omnis omnis odit et dolores voluptates. Nulla atque nesciunt quis facilis aliquam molestiae. Consectetur commodi officiis tempore qui quos. Atque deserunt nobis officiis quibusdam quibusdam molestiae.</p><p>Autem rem labore accusamus aliquid suscipit quis. Blanditiis ea dolores corrupti. Necessitatibus est ut vel odio. Neque enim eveniet est vitae.</p><p>Omnis ut possimus rerum perspiciatis. Accusamus iste voluptatem quae eaque magnam sed est. Necessitatibus voluptates perferendis quaerat cupiditate. Aut doloremque sunt possimus ut quam et voluptatibus.</p><p>Occaecati et libero harum rerum. Et aspernatur dolore est. Autem ut aspernatur doloribus qui dicta vitae facere similique. Sed omnis est eum corporis commodi sit in.</p><p>Quis aut molestias sunt tempora aut quo. Error exercitationem at est aperiam cumque similique. Aliquid alias quaerat aut repellendus consequatur nisi et.</p><p>Laudantium tenetur dolores odio sunt assumenda dolor voluptatem ut. Harum autem voluptates nisi quas minima laborum. Quo nam in distinctio voluptatibus. Velit repudiandae quam dolor aut incidunt. Recusandae ea totam asperiores sint dolorem sapiente.</p><p>Quidem est autem sapiente explicabo commodi quia quidem. Eum autem expedita rerum deserunt vel. Odio dolor dolorem atque quia voluptate harum consequuntur odit.</p>', 'images/photo-1530669731069-48706bc794ab.jpg', 8, 1, 8, '2024-01-17 17:38:11', '2024-01-18 16:39:29'),
(6, 'Soluta impedit asperiores sint libero id optio adipisci rerum aut explicabo et exercitationem.', 'Soluta impedit asperiores sint libero id', 'Curabitur ullamcorper ultricies nisi nam eget dui etiam rhoncus maecenas tempus tellus eget condimentum. Phasellus viverra nulla ut metus varius laoreet quisque rutrum aenean imperdiet. Etiam ultricies nisi vel augue curabitur ullamcorper ultricies nisi.', '<p>Quisquam vel quam voluptate. Consequatur amet minima commodi veniam magni inventore. Odio quis et mollitia quibusdam voluptas est esse. Eum dolorem repellendus laborum consequatur enim adipisci.</p><p>Deserunt distinctio assumenda occaecati laborum repellendus. Animi et natus aut rem voluptas dicta. Doloremque architecto sequi eligendi.</p><p>Qui quidem velit ut. Aspernatur veniam tenetur et. Dolor doloremque accusantium neque ut sequi et recusandae. Quo dolor culpa recusandae debitis nihil.</p><p>Qui sed aliquam fuga aut. Officiis omnis distinctio at tempora nesciunt consequatur et in. Maxime debitis occaecati praesentium ut. Corporis natus aliquam qui quia.</p><p>Quaerat quis laboriosam est et. Commodi molestiae laborum non corrupti quis. Qui perferendis fuga facilis veritatis adipisci. Ipsum cum recusandae nobis voluptas praesentium. Accusantium asperiores perferendis voluptatem officia.</p><p>Nulla error architecto qui molestias optio sit. Ab et accusamus sunt libero corporis quas maxime dolorum. Rerum accusamus et error aut.</p><p>Sint impedit aut reiciendis aperiam iure aut. Veritatis repellat repellendus fuga id rerum. Et minima quibusdam sit consequatur consequatur quas. Iste adipisci voluptatibus cumque dolor vitae in rerum.</p><p>Quas et consequatur necessitatibus natus porro consequuntur ullam. Nemo tempora pariatur quia qui ipsa cumque consequatur numquam. Sed facere ducimus sit vel enim. Voluptatem est animi illum et perferendis aut quia.</p>', 'images/photo-1585282263872-36fa5ae76e60.jpg', 23, 1, 1, '2024-01-17 17:38:11', '2024-01-18 16:39:29'),
(7, 'Ab fuga voluptas consectetur incidunt aliquid id ut ea omnis.', 'Ab fuga voluptas consectetur incidunt aliquid', 'Phasellus viverra nulla ut metus varius laoreet quisque rutrum aenean imperdiet etiam ultricies nisi. Sed lectus donec mollis hendrerit risus phasellus nec sem in justo pellentesque. Facilisis etiam imperdiet imperdiet orci nunc nec neque phasellus leo dolor.', '<p>Est qui qui distinctio sit. Et voluptate eligendi dignissimos eum ut libero. Minus esse unde magni. Debitis at dolores impedit ratione est molestiae illum.</p><p>Qui explicabo quaerat optio ex quis necessitatibus eos. Placeat eos omnis quae qui assumenda ut. Eum suscipit ut ducimus.</p><p>Placeat vel beatae vel voluptate nesciunt est tenetur. Officia qui autem repellat voluptatem expedita ad velit possimus. Quos qui quia voluptas facere accusamus.</p><p>At et reiciendis vitae at enim id sunt. Nulla ullam esse perferendis dolorum temporibus blanditiis consequatur sunt. Ipsa enim a sunt culpa id.</p><p>Labore aut labore molestiae voluptatem. Illum distinctio maxime ut dolore ipsa nihil. Sequi cum et ratione ut maxime et et.</p><p>Ratione accusantium id molestiae saepe unde blanditiis. Sequi est omnis omnis perspiciatis magnam qui ipsa cum. Accusantium rem quia doloremque occaecati.</p><p>Laboriosam repellendus necessitatibus enim nisi unde sed. Error repellendus aut nihil omnis unde esse consequatur omnis. Atque nesciunt quia ut sit in consequatur eveniet. Ullam nulla esse et laudantium molestiae ipsum autem explicabo.</p>', 'images/photo-1468164016595-6108e4c60c8b.jpg', 2, 3, 9, '2024-01-17 17:38:12', '2024-01-18 16:39:29'),
(8, 'Cupiditate pariatur aut sit quod voluptas impedit officia beatae.', 'Cupiditate pariatur aut sit quod voluptas', 'Vestibulum ante ipsum primis in faucibus orci luctus et ultrices posuere cubilia curae fusce id purus. Ut varius tincidunt libero phasellus dolor elit egestas et amet et lacus. Mauris sollicitudin fermentum libero praesent nonummy mi in odio nunc interdum.', '<p>Ut officiis qui optio consequuntur perspiciatis tenetur explicabo. Nulla quos qui incidunt quis. Corrupti earum et molestias.</p><p>Molestias ut culpa dolorem voluptatem qui aut pariatur. Molestias voluptates rerum explicabo facilis temporibus recusandae aliquam. Velit iure doloremque aperiam aut ut cum maxime minima. Accusantium laborum et reprehenderit qui. Nihil rerum nisi voluptatem a quos.</p><p>Inventore officia sunt illo sed in quaerat et. Fugiat maxime eum aliquam eveniet necessitatibus animi. Nulla at nihil quibusdam doloribus.</p><p>Omnis a quisquam cupiditate culpa consequuntur. Veritatis sed quibusdam sed quis delectus iure repellat. Dolor rerum doloremque qui omnis.</p><p>Asperiores autem voluptatem libero et omnis. Provident et nostrum adipisci consequatur veniam doloremque esse. Quia repellendus sunt autem laborum illum. Similique natus sapiente libero totam quas.</p><p>Deserunt qui esse reprehenderit corrupti optio cumque explicabo. In dolor natus sit eius esse qui quam.</p>', 'images/photo-1466637574441-749b8f19452f.jpg', 5, 7, 9, '2024-01-17 17:38:12', '2024-01-18 16:39:29'),
(9, 'Sit fuga magni eos pariatur dolor minima aut facere eum dolor error sed.', 'Sit fuga magni eos pariatur dolor', 'Nam pretium turpis et arcu duis arcu tortor suscipit eget imperdiet nec imperdiet iaculis ipsum. Sed aliquam ultrices mauris integer ante arcu accumsan et a et dui. Praesent adipiscing vestibulum mollis diam pellentesque ut neque pellentesque.', '<p>Non dignissimos doloribus incidunt quia possimus magnam. Impedit nobis ut aperiam aut molestiae dicta maiores. Tempore animi et et laborum. Aut sit dignissimos nisi. Delectus harum dolorem laborum provident.</p><p>Voluptatem nihil sapiente est in vitae officia. Nihil autem voluptatem ducimus quo explicabo autem. Ut in adipisci vitae aut dignissimos quia iste. Porro voluptas voluptatum tempora est reprehenderit rerum. Dolores nihil reiciendis nobis.</p><p>Autem impedit natus voluptate sunt ab culpa. In eos et eos. At aspernatur et qui perspiciatis reiciendis. Rerum eum doloribus eos.</p><p>Dolor provident amet quia dolores. Quis quo similique sed laudantium est unde. Praesentium quisquam amet alias eius sequi.</p><p>Quia repellendus in eaque ut. Et possimus dolore rem perferendis. Officia quam voluptas voluptatibus sit autem sed sit. Ipsam recusandae et perferendis omnis qui quia et. Fuga natus numquam et nesciunt voluptas est iusto rem.</p><p>Voluptatem fugiat sed ipsam quo aliquid. Aut est facere molestiae est itaque. Modi qui iure dolor voluptatem numquam ea. Sunt distinctio velit praesentium a quos et ut sit.</p>', 'images/photo-1462206092226-f46025ffe607.jpg', 6, 4, 11, '2024-01-17 17:38:13', '2024-01-18 16:39:29'),
(10, 'Minus repellendus sed id rem velit est labore.', 'Minus repellendus sed id rem velit', 'Sed augue ipsum egestas nec vestibulum et malesuada adipiscing dui vestibulum facilisis purus nec. Pellentesque viverra pede ac diam cras pellentesque volutpat dui maecenas tristique est. Sed et odio morbi quis commodo odio aenean nec luctus amet.', '<p>Tempore aut officia et exercitationem blanditiis illo corrupti. Qui dolore accusantium repellendus possimus praesentium nam quo ipsum. Laborum et qui rem dolores. Consectetur sed necessitatibus molestiae vel.</p><p>Incidunt neque blanditiis aliquam sequi. Eligendi sunt ab aut reiciendis similique aut. Odio autem sapiente omnis.</p><p>Omnis cumque assumenda magni a culpa. Sapiente et modi consequuntur. Atque sunt occaecati dicta praesentium culpa facilis accusantium.</p><p>Quasi nostrum in et totam omnis. Voluptates ut praesentium rem. Facere consequatur id omnis et similique.</p><p>Non quo distinctio molestiae id distinctio velit. Ipsum molestiae dolor suscipit praesentium ut. Eius asperiores reprehenderit praesentium eligendi nulla unde. Atque dolores iure et consequatur iure.</p><p>Voluptatum consequuntur temporibus officiis cum aspernatur blanditiis. Iure facere qui reprehenderit ut aperiam.</p>', 'images/photo-1598884262118-8b776dc154b4.jpg', 3, 7, 7, '2024-01-17 17:38:13', '2024-01-18 16:39:29'),
(11, 'Voluptate facere provident voluptas quam et nostrum et cupiditate aut et fugit commodi repellat fuga dolorem ea.', 'Voluptate facere provident voluptas quam et', 'Praesent congue erat at massa sed cursus turpis vitae tortor donec posuere vulputate arcu. Phasellus accumsan cursus velit vestibulum ante ipsum primis in faucibus orci luctus. Et ultrices posuere cubilia curae sed aliquam ultrices mauris integer ante arcu.', '<p>Est explicabo et aut commodi fugit itaque et. Vero sed suscipit vel dignissimos molestias recusandae ut recusandae. Iusto eos consequatur sed quidem eius est sunt.</p><p>Unde dolore et aut. Nihil illum exercitationem velit aut odit incidunt. Sint odit modi et consequatur nisi aut.</p><p>Velit et quia neque tempore et. Ea nisi harum modi et natus non quia exercitationem. Hic tempore in doloribus illum illo eaque laudantium. Et amet aut est.</p><p>Dolor in exercitationem aut recusandae blanditiis aliquam mollitia. Deleniti consectetur exercitationem voluptatem dolores est in. Consectetur magni ut minima vitae. Aut nemo dolores aliquid vel. Id eaque nulla fuga omnis similique.</p><p>Sed earum pariatur earum eligendi facere modi voluptatum. Magni omnis aspernatur quisquam fugit.</p>', 'images/photo-1557992260-ec58e38d363c.jpg', 13, 1, 12, '2024-01-17 17:38:14', '2024-01-18 16:39:29'),
(12, 'Aut molestiae nihil consequatur hic sequi quis accusamus molestiae ut optio repudiandae dolor omnis quis nisi repellendus.', 'Aut molestiae nihil consequatur hic sequi', 'Pellentesque habitant morbi tristique senectus et netus et malesuada fames ac turpis egestas. Proin pharetra nonummy pede mauris molestie magna sagittis dignissim nulla quis ante. Etiam sit amet orci eget eros faucibus tincidunt duis leo sed fringilla.', '<p>Similique officiis quo est et fugit ea. Eaque et sed accusamus ex. Voluptate officiis ratione quam qui amet.</p><p>Qui vero voluptatem quia ut est. Odio qui adipisci non delectus. Natus ea quia iure vel voluptatibus.</p><p>Praesentium vero inventore qui velit sunt ab. Molestias et ut velit in aut quibusdam iusto harum. Eum doloremque nesciunt porro explicabo.</p><p>Deserunt ad exercitationem voluptatem ipsam magni. Qui praesentium vel corrupti voluptates. Et ab possimus debitis provident et aut incidunt.</p><p>Architecto molestiae nam consequuntur cumque. Enim iste quaerat et voluptate. Quisquam et et enim soluta tempore nam dolorem. Sequi earum perspiciatis perferendis doloribus qui.</p><p>Architecto excepturi nulla et ipsa eos omnis. Et beatae aliquid assumenda voluptatum velit et. Iure beatae sequi animi voluptate non quo.</p>', 'images/photo-1488376739361-ed24c9beb6d0.jpg', 19, 3, 7, '2024-01-17 17:38:14', '2024-01-18 16:39:29'),
(13, 'Quam est enim numquam voluptatem eligendi quis est est laborum laboriosam voluptas eius aut quia rerum eveniet.', 'Quam est enim numquam voluptatem eligendi', 'Fusce vulputate eleifend sapien vestibulum purus quam scelerisque ut mollis sed nonummy id metus. Nullam accumsan lorem in dui cras ultricies mi eu turpis hendrerit fringilla. Vestibulum ante ipsum primis in faucibus orci luctus et ultrices posuere cubilia.', '<p>Numquam voluptatibus vel sapiente excepturi quae tempora minus. Et repellat unde officia necessitatibus laudantium dolorum. Fugit est reprehenderit esse et rem. Voluptatem a mollitia atque quis ut.</p><p>Ut et nostrum rem eligendi magni est non. Tempora aspernatur error vel eos iusto. Optio dolorem facilis enim quod. Facilis quasi temporibus eos qui impedit velit dolorem.</p><p>Asperiores ipsa alias impedit repudiandae. Quia quia ullam quis recusandae est. Eaque praesentium voluptate laboriosam alias numquam minus. Doloribus sapiente nisi porro sunt et. Sed modi alias voluptatem consequatur doloribus.</p><p>Nihil sint qui aut. Consequatur modi natus consequatur quidem iusto earum. Vero iure sint harum saepe dolores fuga.</p><p>Sint sit sint ex qui similique. Ut est et ut exercitationem voluptatem atque quia quia.</p><p>Eveniet porro consectetur sint omnis at. Hic autem nobis et officiis qui. Omnis quisquam aperiam dolorem aut aperiam. Delectus ipsam voluptatum non.</p><p>Nostrum provident dignissimos aut. Non facere quia nisi velit. Et veniam sint perferendis ut recusandae. Tempore commodi maiores in necessitatibus sit esse sit vitae.</p><p>Exercitationem et et quia ut. Ea est aspernatur totam sunt inventore occaecati rerum rerum. Quo sed eos sit temporibus consequatur quasi optio ullam. Nihil tenetur commodi dolorem eum et similique.</p>', 'images/photo-1563330232-57114bb0823c.jpg', 4, 3, 5, '2024-01-17 17:38:15', '2024-01-18 16:39:29'),
(14, 'Eos fugiat quas nam iste dolorum tempore delectus ipsum repudiandae consequatur voluptates vel.', 'Eos fugiat quas nam iste dolorum', 'Cras ultricies mi eu turpis hendrerit fringilla vestibulum ante ipsum primis in faucibus orci luctus. Curae fusce id purus ut varius tincidunt libero phasellus dolor aenean vulputate. Eleifend tellus aenean leo ligula porttitor eu consequat vitae eleifend.', '<p>Dolorum architecto et ad ex cumque. Officiis qui ab aut commodi sed iusto cupiditate. Et perferendis corporis quia itaque dolorum sit dicta. Et voluptatem eos nesciunt eum.</p><p>Quaerat vel labore facilis nobis facilis. Sed autem mollitia et et quis tenetur. Magnam sed assumenda aut illo omnis.</p><p>Dolore sunt rerum mollitia non maxime ipsa sint. Consectetur in quidem reprehenderit qui. Rerum sint aut praesentium.</p><p>Molestiae pariatur facilis vitae voluptatem voluptatibus recusandae velit. Culpa dolores dolorem consequuntur iste atque rem corrupti. Molestiae doloremque inventore repudiandae. Sed voluptatem incidunt possimus porro sunt.</p><p>Deleniti facere eum nesciunt alias vel ipsum et. Placeat ut hic sint est tempore et culpa sit. Quae excepturi sit aut reiciendis.</p>', 'images/photo-1505751172876-fa1923c5c528.jpg', 7, 7, 15, '2024-01-17 17:38:15', '2024-01-18 16:39:29'),
(15, 'Quos quidem dolores qui est nobis vel perferendis repellendus doloribus.', 'Quos quidem dolores qui est nobis', 'Nulla facilisi cras non velit nec nisi vulputate nonummy maecenas tincidunt lacus at velit. Vivamus vel nulla eget eros elementum pellentesque quisque porta volutpat erat quisque. Erat eros viverra eget congue eget semper rutrum nulla nunc purus phasellus.', '<p>Velit explicabo non ullam repudiandae eaque. Dolores perspiciatis dolores sunt ut rem hic tempore. Maiores cupiditate consequatur rerum dolor qui a eos dolorem. Recusandae consequuntur suscipit atque ipsa ipsa.</p><p>Natus omnis qui qui asperiores aperiam voluptates consequatur. Veritatis autem rem ut quos sequi vitae provident ea. Quia consequatur id doloribus qui quia.</p><p>In impedit aut tenetur et vel quo. Et possimus expedita tenetur.</p><p>Nobis voluptatibus molestias ab nihil minus voluptatem quia. Et est ipsum rerum ea. Voluptas ab a id quibusdam. In voluptatem odit laudantium repellat.</p><p>Expedita quae rerum doloribus architecto iste. Est culpa ea alias quo iusto similique. Qui dignissimos est iure non a odio doloribus. Nesciunt molestias ab qui itaque ipsum quia quam doloremque. Aliquid nisi recusandae sed cupiditate recusandae cumque.</p><p>Alias aut et officia asperiores. Non omnis labore hic et consequatur. Nemo laborum quidem saepe et ipsum.</p>', 'images/photo-1611262588024-d12430b98920.jpg', 8, 5, 7, '2024-01-17 17:38:16', '2024-01-18 16:39:29'),
(16, 'Rerum at eius nemo quae nihil sit id aut.', 'Rerum at eius nemo quae nihil', 'In hac habitasse platea dictumst morbi vestibulum velit id pretium iaculis diam erat fermentum justo. Nec condimentum neque sapien placerat ante nulla justo aliquam quis turpis eget elit. Sodales rutrum nulla nunc purus phasellus in felis donec semper sapien.', '<p>Sed non cumque ipsa culpa quibusdam et. Fugit quasi harum necessitatibus aut et facilis blanditiis. Nam repellendus nemo rem voluptatem doloremque est.</p><p>Illo minima molestias labore. Minus aut at eum omnis sint at. Illum minus voluptas aut deserunt delectus quia esse. Voluptate accusantium est qui excepturi facere et et repellendus.</p><p>Nisi voluptas alias quidem eaque. Provident et autem dolor ut ducimus eveniet quo. Dolorem magnam itaque officiis soluta ut quia. Nobis saepe assumenda quaerat eum est.</p><p>Sed fugit et eligendi expedita vel voluptatem. Sint et veritatis consequatur a similique exercitationem. Officiis et cupiditate repudiandae nihil. Ipsam itaque provident rem eos eos.</p><p>Perferendis autem ipsam vel cumque. Architecto dolorem earum quis cum amet aut. Sed soluta excepturi dolorum consectetur non porro esse. Explicabo quia officia placeat magni cum officiis qui quidem.</p>', 'images/photo-1585076800588-77e0884c3191.jpg', 3, 6, 10, '2024-01-17 17:38:16', '2024-01-18 16:39:29'),
(17, 'Ut officia cumque est aut quis quos dolorem deserunt quia unde omnis voluptas.', 'Ut officia cumque est aut quis', 'Quisque ut nisi donec mi odio faucibus at scelerisque quis convallis in nisi suspendisse non nisl. Sit amet nisi proin ut ligula vel nunc egestas porttitor morbi lectus risus iaculis. Vel suscipit quis luctus non massa phasellus dolor donec proin sapien.', '<p>Unde voluptate atque repellendus similique minima. Minus nam neque commodi facere optio sit. Nesciunt qui sed voluptatem sit. Consequuntur in in rerum.</p><p>Modi laboriosam maxime enim facere asperiores quaerat ut. Delectus laudantium quo eos at accusamus. Inventore omnis laudantium officia dolor tenetur.</p><p>Qui asperiores officiis quo molestiae modi totam. Blanditiis iure aut alias minus alias ut. Non asperiores omnis explicabo. Qui dicta qui incidunt.</p><p>Nam nostrum consequuntur maiores ea ad. Repudiandae aut quis doloremque veniam et eos nesciunt. Sint animi mollitia eos accusamus a tempora unde. Et explicabo ex officia molestias possimus.</p><p>Aliquid at laboriosam nisi dicta dolore numquam sint. Eaque est enim mollitia commodi enim et sed. Aut officia esse dolorem porro ipsum ipsum.</p><p>Qui perspiciatis necessitatibus in. Dolorum similique quia similique hic accusamus deserunt nostrum. Totam adipisci eum dignissimos. Est recusandae harum tenetur nostrum totam ut vel veritatis.</p><p>Consequatur qui numquam sit laboriosam. Sed quo est aut. Consequuntur odio qui quisquam illo sint molestias consectetur.</p>', 'images/photo-1562564055-71e051d33c19.jpg', 19, 4, 15, '2024-01-17 17:38:17', '2024-01-18 16:39:29'),
(18, 'Consectetur nam beatae aut inventore perspiciatis ipsam ipsum est incidunt.', 'Consectetur nam beatae aut inventore perspiciatis', 'Aenean vulputate eleifend tellus aenean leo ligula porttitor eu consequat vitae eleifend ac enim. Aliquam lorem ante dapibus in viverra quis feugiat a tellus phasellus viverra nulla. Ut metus varius laoreet quisque rutrum aenean imperdiet etiam ultricies nisi.', '<p>Ipsum totam accusantium earum aliquid nisi. Eum rem qui et qui sed. Accusamus omnis et odio saepe quisquam cum itaque. Ea nemo sint nulla voluptates reprehenderit.</p><p>Ut omnis deleniti tenetur autem ullam. Non facilis impedit quos atque. Aperiam eum ut totam nihil at. Corrupti sit exercitationem quidem aliquid.</p><p>Ut ut voluptatum officia ut. Fugit illo vitae molestiae atque qui qui incidunt. Possimus quod quasi consequatur in cum.</p><p>In vel aspernatur excepturi eligendi. Officiis ut quia eius est.</p><p>Aperiam architecto nihil necessitatibus vero. Numquam aperiam mollitia rerum et sit aut ipsam. Et rem corporis dolore quos repudiandae. Amet eligendi velit accusantium quae.</p><p>Praesentium et qui est sed ab sed. Voluptatem voluptatem accusamus sit cumque nobis. Voluptas ut quidem tenetur dolores et. Explicabo dicta voluptates vel ipsa in non.</p><p>Aperiam tempora magni facilis tempora officia. Quaerat asperiores rem accusantium recusandae.</p><p>Modi veniam sunt voluptatibus fuga sit itaque. Ut et esse ut autem qui sequi vitae. Consequatur et ex voluptatem sunt quis ut dolorem alias.</p><p>Sit iusto culpa vel et nihil. Sunt dignissimos ullam fugiat a nisi. Earum blanditiis labore aut sint.</p>', 'images/photo-1517245386807-bb43f82c33c4.jpg', 23, 4, 8, '2024-01-17 17:38:17', '2024-01-18 16:39:29'),
(19, 'Quia deleniti voluptas et dolorem exercitationem sed voluptatem fugiat.', 'Quia deleniti voluptas et dolorem exercitationem', 'Aliquam lorem ante dapibus in viverra quis feugiat a tellus phasellus viverra nulla ut metus. Curabitur ligula sapien tincidunt non euismod vitae posuere imperdiet leo maecenas malesuada. Praesent congue erat at massa sed cursus turpis vitae tortor donec posuere.', '<p>Aliquam rerum neque itaque autem eum repellendus. Et eaque assumenda sit provident nihil facere. Placeat magnam excepturi earum. Minus magnam quia enim quasi.</p><p>Qui et officiis nostrum perferendis ipsa. Ut excepturi temporibus aut aut cum non aliquid est. Minima voluptas officia sapiente tempore et animi voluptatem fugit. Reprehenderit nemo minus facilis voluptatem est iusto ducimus.</p><p>Quo expedita similique ipsam id incidunt delectus et. Molestiae aut omnis incidunt vitae. Et aut sapiente pariatur dolores beatae nisi vel quia.</p><p>Et voluptatibus magni commodi aspernatur. Eum in sit voluptatibus maxime in. Fugit nam dignissimos quo aut quidem.</p><p>Libero libero aspernatur quo et facilis qui consequatur. Incidunt eum iusto error est tempore labore. Molestias libero voluptate sapiente aut atque recusandae. Non nam alias perspiciatis rerum accusantium recusandae a.</p>', 'images/photo-1584713503693-bb386ec95cf2.jpg', 24, 1, 13, '2024-01-17 17:38:18', '2024-01-18 16:39:29'),
(20, 'Qui velit corporis hic et voluptatem nulla quaerat suscipit cupiditate optio voluptatibus non aliquam perspiciatis.', 'Qui velit corporis hic et voluptatem', 'Vivamus elementum semper nisi aenean vulputate eleifend tellus aenean leo ligula porttitor consequat. Donec vitae orci sed dolor rutrum auctor fusce egestas elit eget lorem suspendisse nisl elit. Rhoncus sed vestibulum sit amet cursus id turpis integer aliquet massa id lobortis.', '<p>Quia distinctio in placeat ipsa. Aspernatur iure quisquam quia voluptatem. Explicabo quisquam hic dolorum dolor est magni.</p><p>Quisquam id molestiae sequi deleniti error ad praesentium. Vitae perferendis sequi qui. Voluptatem sit eos omnis soluta ea in.</p><p>Facere reprehenderit non consequatur omnis quisquam possimus. Deleniti ut excepturi recusandae molestiae. Non occaecati doloribus fugiat vitae cum hic aut quia. Perferendis id excepturi autem magni nisi nostrum doloribus.</p><p>Qui quaerat aut iure non mollitia asperiores. Enim hic atque id. Id soluta et natus officia sed non ipsam.</p><p>Pariatur voluptatem illo et ratione omnis qui odit. Aperiam officiis voluptatibus necessitatibus incidunt et inventore. Necessitatibus qui eos quasi eos repellendus. Ut repellat enim laboriosam excepturi cupiditate est qui et. Aperiam voluptatum et ut et ullam et et.</p><p>Quod dolore ut laboriosam neque. Magni tenetur quaerat ipsum autem omnis perspiciatis quia. Iusto suscipit incidunt nisi sed nulla est libero. Optio nisi recusandae earum non et veniam sunt et.</p><p>Labore eos voluptatem alias consequatur similique. Alias ex amet rerum suscipit. Ut ab repellendus consequatur.</p><p>Mollitia deleniti iure et aut dolor expedita eaque. Maxime dolor soluta explicabo deleniti est excepturi corrupti. Ut in deserunt molestiae aperiam sint. Dolorum animi enim adipisci aut unde debitis rerum.</p>', 'images/photo-1638202993928-7267aad84c31.jpg', 25, 7, 15, '2024-01-17 17:38:18', '2024-01-18 16:39:29'),
(21, 'Id qui officia qui ratione odio et accusantium.', 'Id qui officia qui ratione odio', 'Donec vitae orci sed dolor rutrum auctor fusce egestas elit eget lorem suspendisse nisl elit. Rhoncus sed vestibulum sit amet cursus id turpis integer aliquet massa id lobortis convallis. Tortor risus dapibus augue vel accumsan tellus nisi eu orci mauris lacinia sapien.', '<p>Laborum aut non tempore dolor. Veniam eligendi quia nihil expedita. Molestiae ad molestiae quia magni illum est. Dolores aut nulla aperiam sequi quia aliquam.</p><p>Quia assumenda qui est minima nam deserunt occaecati. Et doloribus quo ut ut iusto harum sapiente. Voluptas velit sequi pariatur consequuntur consectetur exercitationem est.</p><p>Sed perspiciatis sunt reiciendis quas sit. Vero aut et provident voluptatem quod sed et et. Et excepturi tempore eius nulla neque.</p><p>Sed et ex quas ex vitae voluptas. Nulla mollitia blanditiis odio eos et. Non occaecati aperiam ut sit nobis qui. Assumenda et quia nemo velit officiis. Magni repudiandae et provident.</p><p>Voluptatem aut at aut tempora. Quo nam et ut non accusamus consequatur. A qui sint eum harum.</p><p>Et placeat ex enim ipsa dolorem aliquid. Quasi facilis et ut velit eum recusandae velit. In aliquam nostrum accusamus. Saepe eveniet et dolor assumenda necessitatibus enim provident.</p><p>Non sint sapiente ut labore. Tempora corrupti accusamus aliquid quis ut. Sunt inventore corrupti nam consequatur.</p>', 'images/photo-1517760307355-e48f68215de6.jpg', 21, 7, 13, '2024-01-17 17:38:19', '2024-01-18 16:39:29'),
(22, 'Est consequuntur voluptatum laboriosam quis inventore rem at soluta numquam error ab doloribus ipsam esse ad.', 'Est consequuntur voluptatum laboriosam quis inventore', 'Nam quam nunc blandit vel luctus pulvinar hendrerit id lorem maecenas nec odio et ante tincidunt. Tempus donec vitae sapien ut libero venenatis faucibus nullam quis ante etiam sit amet. Orci eget eros faucibus tincidunt duis leo sed fringilla mauris sit amet nibh.', '<p>Consectetur amet optio omnis cupiditate aut minima. Rerum soluta quaerat ducimus ut. Dignissimos illum consequuntur omnis.</p><p>Corrupti nihil ut aut voluptatem aut hic. Ea et adipisci nihil ullam accusantium culpa. Et officia laboriosam saepe excepturi exercitationem vel esse.</p><p>Odio optio perspiciatis ut deleniti tempora aliquid. Eaque nemo quam odio exercitationem nostrum nesciunt dignissimos. Ea ut nesciunt quidem ut.</p><p>Voluptatem neque aut quasi ipsa tempora perferendis rerum. Nemo quaerat molestias vero beatae quam. Ut et autem voluptatibus aut cum placeat facilis voluptatem. At iste ullam molestiae aut.</p><p>Sequi sequi ipsum facilis non. Debitis qui porro impedit aut. Quisquam neque exercitationem ratione necessitatibus veritatis iure rem. Et maiores eius similique.</p><p>Aut impedit voluptas omnis minima quo omnis. Itaque non ut dolor. Dolor maxime iure nostrum eaque placeat suscipit dolorum. Non consequuntur inventore nam sunt.</p><p>Omnis voluptas necessitatibus cum tenetur quae. Architecto ipsa aperiam velit voluptatibus nihil ducimus consequatur. Voluptas quia asperiores nihil quibusdam et nisi. Repellat fugit ipsum ipsa reiciendis sit est.</p><p>Rerum quia doloremque tempore deleniti et nihil. Vel repudiandae soluta ut temporibus quia ipsum. Ipsum culpa sunt et eaque ratione eveniet voluptates eum. Asperiores ad necessitatibus libero neque.</p>', 'images/photo-1562771379-eafdca7a02f8.jpg', 7, 2, 8, '2024-01-17 17:38:19', '2024-01-18 16:39:29'),
(23, 'Sapiente est deleniti dolorem quo non nihil nobis est.', 'Sapiente est deleniti dolorem quo non', 'In enim justo rhoncus ut imperdiet a venenatis vitae justo nullam dictum felis eu pede mollis. Pretium integer tincidunt cras dapibus vivamus elementum semper nisi aenean vulputate. Eleifend tellus aenean leo ligula porttitor eu consequat vitae eleifend ac enim.', '<p>Sed illum saepe libero deserunt. Neque consequatur adipisci placeat et tempora eveniet. Est voluptate sint ut occaecati natus a. Nemo sit inventore quo a ut atque rerum.</p><p>Quia beatae quia a id aspernatur. Adipisci sint quis est et. Omnis veritatis magnam repudiandae odio voluptates. Et voluptatem debitis et libero sed perferendis natus. Distinctio rerum minima veniam id ex.</p><p>Iste recusandae est culpa nobis. Nihil ut eius dolorem omnis. Numquam at aliquam voluptatem reprehenderit optio maxime placeat. Optio dolorem ut consectetur perferendis debitis.</p><p>Iste ut porro natus est nihil. Necessitatibus est eius et accusamus. Cum labore animi nemo id et autem sunt officia.</p><p>Consectetur eum consequatur architecto omnis nam error repellat. Facilis et molestiae quisquam distinctio aut beatae qui. Tempore laboriosam rerum quo. Ut aut sunt veniam alias maxime id voluptatem.</p><p>Ad autem natus ea eius. Ea praesentium exercitationem aut fugit. Totam aliquid ut consequatur quis hic dolor quaerat. Suscipit tenetur sint totam alias voluptatem dolor.</p><p>Quibusdam nemo vel similique incidunt sit ea. Ratione adipisci optio atque molestias non et laudantium enim. Numquam repudiandae autem et odio sed repellat.</p><p>Natus reprehenderit asperiores vel est. Maxime suscipit accusantium eius eos eius dolorem.</p><p>Iusto ab eius ut repellendus. Amet officiis deleniti repellendus modi placeat. Tenetur consequuntur esse repellat quia excepturi vitae nihil. Impedit vel distinctio aliquam totam voluptatibus id blanditiis dolores.</p>', 'images/photo-1569060368917-3689b132a48a.jpg', 20, 6, 2, '2024-01-17 17:38:20', '2024-01-18 16:39:29'),
(24, 'Est dolore id harum dolores veniam eos praesentium laboriosam atque earum voluptas facere numquam autem veritatis tenetur.', 'Est dolore id harum dolores veniam', 'Morbi nec metus phasellus blandit leo ut odio maecenas ullamcorper dui et placerat feugiat. Eros pede varius ut pharetra sit amet aliquam massa cras malesuada auctor. Nulla cras mi pede malesuada in imperdiet et commodo vulputate justo in blandit.', '<p>Debitis aut sit autem praesentium et. Corporis labore facilis similique qui vitae omnis. Ab fugiat dolores quia non magni et. Molestias magnam libero illum dolor vero ut.</p><p>Voluptatibus quisquam et aut sed ipsam nihil. Qui maxime iusto eaque dolor. Distinctio eius suscipit a ut fugiat explicabo voluptates. Sed placeat quasi officiis eaque.</p><p>Et repellat minima enim minima. Ut impedit sequi eum. Quis nam et recusandae dolorum. Omnis non sed sunt ut dolor ipsum voluptates.</p><p>Laborum praesentium ipsam dolorem. Soluta delectus blanditiis voluptatibus eum earum. Autem ab doloribus fugiat voluptatem. Quis nesciunt sunt qui amet sunt culpa. Libero hic inventore delectus cum ut assumenda quas laborum.</p><p>Error eius officiis aut perferendis qui quos impedit. Necessitatibus modi reiciendis rerum at porro sint amet. Tempore id et laudantium dicta eum necessitatibus nobis.</p><p>Non id quaerat ut non. Nesciunt fugiat voluptatem aperiam voluptates quisquam veniam. Repellat et architecto voluptate. Dignissimos et aperiam tempore asperiores officia corrupti.</p>', 'images/photo-1527332900615-32bb872f6b62.jpg', 10, 3, 1, '2024-01-17 17:38:20', '2024-01-18 16:39:29'),
(25, 'Eius voluptatem minima expedita aliquid velit debitis molestias voluptates voluptas reiciendis at recusandae architecto et.', 'Eius voluptatem minima expedita aliquid velit', 'Etiam ultricies nisi vel augue curabitur ullamcorper ultricies nisi nam eget dui rhoncus. Maecenas tempus tellus eget condimentum rhoncus sem quam semper libero sit amet adipiscing. Sem neque sed ipsum nam quam nunc blandit vel luctus pulvinar hendrerit.', '<p>Veritatis harum libero eligendi rerum. Ipsa est ut error nihil itaque recusandae enim. Sed deleniti dolore enim soluta dolor. Ratione dolorem ipsum minima occaecati eos consequatur rerum.</p><p>Ratione reiciendis ipsa blanditiis. Accusamus enim sed nesciunt ut placeat consequatur. Dolor magni veritatis est in qui quaerat.</p><p>Distinctio quia minima et omnis dolore ducimus non. Esse est quis sit nisi debitis. Voluptatem est voluptatem laboriosam qui et. Facere laboriosam molestiae facere rem commodi quo officia.</p><p>Sapiente quia omnis voluptatem voluptas. Omnis recusandae nihil a quidem et dolore. Fugiat perspiciatis nemo consequatur impedit voluptatem aut. Molestiae autem ratione amet.</p><p>Iusto cumque incidunt nesciunt voluptatum perspiciatis quidem. Possimus voluptatem et porro dolorum mollitia excepturi eos. Laboriosam nihil dolorum non dolores sed esse.</p><p>Itaque vel qui voluptates. Cupiditate et beatae enim qui magnam. Aperiam quam ipsum nisi rerum.</p><p>Libero inventore ratione et possimus quis non. Fuga et enim velit tenetur dolores non.</p>', 'images/photo-1568602471122-7832951cc4c5.jpg', 15, 4, 8, '2024-01-17 17:38:21', '2024-01-18 16:39:29'),
(26, 'Minima temporibus adipisci blanditiis pariatur quia beatae mollitia necessitatibus minima a debitis voluptas totam est dicta.', 'Minima temporibus adipisci blanditiis pariatur quia', 'Donec pede justo fringilla vel aliquet nec vulputate eget arcu in enim justo rhoncus imperdiet. Phasellus viverra nulla ut metus varius laoreet quisque rutrum aenean imperdiet etiam. Ultricies nisi vel augue curabitur ullamcorper ultricies nisi nam eget dui rhoncus.', '<p>Praesentium dolores at ut voluptatem quis nihil. Dolor ea saepe iusto laboriosam dolorem. Officiis aut dolorum quia corporis quia deleniti.</p><p>Minima maiores nam minus eos in nisi. Reiciendis et error occaecati dolorem dolores inventore incidunt. Id aut dolor doloribus voluptas mollitia sequi iste possimus.</p><p>Aliquid voluptas inventore omnis. Sit asperiores laborum ducimus est temporibus dolore. Dolores quo quidem magnam dolorem dolores iste. Ut deleniti doloremque accusantium sit.</p><p>Officia consequatur aliquid in. Qui qui cupiditate accusamus ut doloremque. Neque architecto similique quisquam occaecati dolor.</p><p>Odio quidem qui voluptas dolorem cumque. Fuga tenetur qui ab nostrum. Porro consequatur expedita quia tempore. Voluptate quidem et vero ducimus. Dicta odit et quo illo.</p>', 'images/photo-1593508512255-86ab42a8e620.jpg', 1, 5, 6, '2024-01-17 17:38:21', '2024-01-18 16:39:29'),
(27, 'Impedit qui ut velit ipsa voluptatem harum aut rerum alias.', 'Impedit qui ut velit ipsa voluptatem', 'Pellentesque posuere praesent turpis aenean posuere tortor sed cursus feugiat nunc augue blandit. Nunc pulvinar sapien et ligula ullamcorper malesuada proin in tellus sit amet nibh. Dignissim curabitur sit amet mauris morbi in dui quis est pulvinar ullamcorper nulla.', '<p>Id quod harum at est. Neque debitis quibusdam architecto sequi ut quod. Sit qui est magni ea in consequatur. Sed ipsam illo eos hic placeat nobis.</p><p>Voluptatem fuga fugit maxime at modi id dolorem. Dolorem aperiam nostrum at quis veniam. Et et commodi libero impedit.</p><p>Aut laboriosam dolor ipsam occaecati sunt. Possimus ea est vel sit. Tempora esse est rerum reiciendis quos. Unde placeat rem quis corporis voluptatem et odit quam.</p><p>Delectus illo quis dignissimos recusandae adipisci. Asperiores vero asperiores necessitatibus. Perspiciatis eligendi voluptates et maxime nihil. Sit ipsum odio eius corporis eligendi.</p><p>Neque aut quod dolorum minima voluptate ab omnis. Recusandae quis pariatur voluptate sint consequatur. Ut animi dolor tempore esse quo enim est. Ipsa vel labore quis. Rerum itaque eius placeat recusandae molestiae cumque.</p><p>In est ipsa deserunt sint iste debitis est. Quam fuga nihil quia. Mollitia quidem et veritatis ullam libero est quis consectetur. Optio qui ea exercitationem labore eius id qui.</p><p>Sapiente sequi qui eum illum laboriosam qui maiores eum. Mollitia architecto iste dignissimos officia qui voluptatem voluptatem. Et sapiente hic repellat minima optio sapiente itaque.</p>', 'images/photo-1619983081563-430f63602796.jpg', 13, 3, 2, '2024-01-17 17:38:22', '2024-01-18 16:39:29'),
(28, 'Eaque rerum rerum mollitia velit dolores perferendis illo mollitia dolore aut laborum.', 'Eaque rerum rerum mollitia velit dolores', 'Suspendisse potenti nullam quis ante etiam sit amet orci eget eros faucibus tincidunt duis leo. Sed fringilla mauris sit amet nibh donec sodales sagittis magna sed consequat. Leo eget bibendum sodales augue velit cursus nunc aenean massa cum sociis natoque.', '<p>Quidem mollitia doloribus consequuntur maxime aliquid. Officia illo doloribus libero dolor voluptatem officiis. Omnis dolor repudiandae incidunt quia deleniti et.</p><p>Omnis est praesentium et et quisquam qui reprehenderit. Reiciendis autem id adipisci. Dolorem quia veritatis nulla corporis. Sapiente maiores eum accusamus alias. Tempora placeat et ducimus quos omnis ipsam maxime explicabo.</p><p>Quia accusamus omnis quis et. Dolores nihil veniam ut est eveniet. Qui et inventore veniam enim similique. Dicta consequatur quos nihil molestias voluptatem esse facere. Est quibusdam sit saepe ut.</p><p>Quis omnis ad fuga quibusdam. Possimus quod rerum aut et delectus. Rerum voluptatibus voluptas rerum saepe molestiae architecto nesciunt id. Qui quae commodi libero enim eveniet quas iusto ex.</p><p>Vel est veritatis temporibus libero. Porro aut expedita atque pariatur. Enim vel incidunt voluptatibus aliquid asperiores expedita est. Aut magni est vel laborum nisi necessitatibus ducimus.</p><p>Doloremque minus eius eligendi. Officia et labore accusamus quo. Eligendi ut aut temporibus laboriosam minima corrupti qui. Et aspernatur quaerat qui error. Et aspernatur enim incidunt ea deserunt incidunt.</p><p>Eos eligendi ex praesentium voluptas id. Voluptas blanditiis impedit explicabo qui esse. Facilis in ipsam aliquid.</p><p>Nesciunt doloribus ut qui voluptas non laboriosam facilis. Repellendus et qui fuga odio. Eum veritatis necessitatibus voluptas voluptatem modi provident. Ut commodi dolorem vitae eum quos nobis.</p>', 'images/photo-1604639183321-788d64c94268.jpg', 17, 3, 10, '2024-01-17 17:38:23', '2024-01-18 16:39:29'),
(29, 'Et quibusdam voluptas maxime consequatur enim saepe est tempora excepturi.', 'Et quibusdam voluptas maxime consequatur enim', 'Integer tincidunt cras dapibus vivamus elementum semper nisi aenean vulputate eleifend tellus. Aenean leo ligula porttitor eu consequat vitae eleifend ac enim aliquam lorem ante. Dapibus in viverra quis feugiat a tellus phasellus viverra nulla ut metus varius.', '<p>Aliquam consequatur et quo in quia possimus cumque. Veniam iusto sint alias aliquam ipsum accusantium provident. Dolores omnis nobis facere eveniet.</p><p>Consequuntur nobis ut excepturi harum facere a fugiat voluptatem. Voluptatem est quis voluptate illo.</p><p>Doloremque pariatur occaecati voluptas. Et magni voluptas provident inventore. Incidunt delectus eos optio facilis.</p><p>Dolorem nobis omnis quo minus blanditiis vel voluptatem. Cupiditate tenetur eum debitis ipsum voluptatibus perspiciatis. Pariatur soluta non natus facilis et dicta et.</p><p>Autem ipsum sit velit est aspernatur. Esse consequatur nihil deleniti repudiandae quis illum.</p><p>Adipisci aut ut quia maxime fuga nulla. Ratione voluptas repellendus ut rerum quo voluptates. Enim vel libero laudantium sequi dolore earum sit. Amet minima nobis omnis vel unde.</p>', 'images/photo-1581092795360-fd1ca04f0952.jpg', 22, 5, 9, '2024-01-17 17:38:23', '2024-01-18 16:39:29'),
(30, 'Asperiores consequatur error in qui suscipit sed rerum ab recusandae placeat recusandae consequatur ea nostrum et.', 'Asperiores consequatur error in qui suscipit', 'Maecenas malesuada praesent congue erat at massa sed cursus turpis vitae tortor donec posuere. Vulputate arcu phasellus accumsan cursus velit vestibulum ante ipsum primis in faucibus. Orci luctus et ultrices posuere cubilia curae sed aliquam ultrices mauris integer.', '<p>Nobis velit eaque blanditiis. Et mollitia exercitationem illum nemo numquam ex sit aut. Quod sint enim esse consequatur a impedit distinctio. Et ab est voluptate consequatur distinctio. Molestiae vero non nemo unde.</p><p>Ut vitae quia est eos. Omnis sed beatae blanditiis velit voluptatum dolores aut.</p><p>Repudiandae autem aut qui. Laborum deleniti eveniet dolorem odit aut libero iusto. Velit sunt porro quas et. Facilis autem harum assumenda sequi dolore a. Rerum et perspiciatis sunt odit in tempora.</p><p>Deleniti quae quod totam. Mollitia ut aut magnam saepe sint maiores est. Quisquam nostrum fugiat veritatis nemo dolores eveniet quod. Exercitationem tempora minima velit sed quas ipsam.</p><p>Dolorem quod voluptatem quibusdam aliquam. Atque accusantium reprehenderit necessitatibus dolorem rerum neque.</p><p>Ducimus sunt nam ea soluta. Nesciunt rerum dolorem perferendis molestiae eligendi. Accusamus nihil deserunt animi non amet necessitatibus. Et adipisci expedita quibusdam velit nihil quaerat quaerat totam.</p><p>Repudiandae eius esse eligendi facere. Ut rem et non tempore nesciunt eveniet perferendis.</p>', 'images/photo-1432888498266-38ffec3eaf0a.jpg', 12, 4, 2, '2024-01-17 17:38:24', '2024-01-18 16:39:29'),
(31, 'Nam architecto est inventore aut explicabo rerum cumque nemo atque laborum quos voluptatum perspiciatis iusto aut vero.', 'Nam architecto est inventore aut explicabo', 'Ut tincidunt tincidunt erat etiam feugiat lorem non metus vestibulum dapibus nunc ac augue. Curabitur vestibulum aliquam leo pellentesque egestas neque sit amet convallis pulvinar. Vestibulum ante ipsum primis in faucibus orci luctus et ultrices posuere cubilia curae.', '<p>Fuga excepturi aliquid quia. Natus molestiae repudiandae molestiae sequi. Illum nostrum aut corporis culpa maxime ab praesentium quisquam. Eos eos ab omnis unde veritatis voluptatem.</p><p>Dolor amet eligendi a aut quis exercitationem facere aut. Nostrum tenetur et earum inventore magnam. Quae sint et eum sed sed cumque ipsum consequatur.</p><p>Consequatur dicta sint qui tempore enim. Repellendus voluptatem iure vel eligendi adipisci cupiditate. Veritatis voluptatem laboriosam ea.</p><p>Doloremque aut et doloremque. Quis eum libero placeat impedit. Numquam aliquam reiciendis repellat corrupti.</p><p>Quas veniam aspernatur in laborum sed. Est accusantium ea aliquid atque dolor. Eius rerum nulla alias atque delectus explicabo repellat. Aut omnis asperiores rem repellendus error.</p><p>Nihil rerum ipsa nisi recusandae ratione. Nemo illo consequatur architecto totam recusandae. Cum error architecto suscipit.</p><p>Dolores officia velit aut iste fuga aliquam in. Laudantium ullam esse at rerum aut. Modi quas libero dignissimos id vel aut.</p><p>Pariatur in ipsam incidunt. Ut maiores hic cum. Minima ut ducimus eum explicabo repellat unde.</p>', 'images/photo-1562575214-da9fcf59b907.jpg', 8, 5, 8, '2024-01-17 17:38:24', '2024-01-18 16:39:29'),
(32, 'Error sunt consequatur consequuntur nobis beatae minima eos aperiam ut ut ab occaecati commodi dicta velit asperiores.', 'Error sunt consequatur consequuntur nobis beatae', 'Curabitur ligula sapien tincidunt non euismod vitae posuere imperdiet leo maecenas malesuada. Praesent congue erat at massa sed cursus turpis vitae tortor donec posuere vulputate. Arcu phasellus accumsan cursus velit vestibulum ante ipsum primis in faucibus orci.', '<p>Nostrum odio sed magnam iure neque ipsa voluptas neque. Recusandae eveniet labore dolorum. Tempore doloribus vel et tempore. Eos nihil dolores quae hic non.</p><p>Ipsa totam magni omnis corporis neque hic eum explicabo. Corporis architecto optio qui aut vitae autem. Ab sint neque exercitationem cumque quo sunt eum.</p><p>Facilis vitae impedit pariatur. Esse qui omnis et aut soluta aut tempora. Est voluptatem eum aut magni dolor. Ut fugit dicta est doloribus illo aut.</p><p>Odit quis ut nemo rem quod ut. Minima atque vero rerum error accusantium rem et.</p><p>Est labore iure nesciunt sit beatae dolor. Temporibus qui architecto ut ex autem ex omnis repudiandae. Voluptate cumque eaque ad voluptatem ut.</p>', 'images/photo-1541746972996-4e0b0f43e02a.jpg', 7, 4, 15, '2024-01-17 17:38:25', '2024-01-18 16:39:29'),
(33, 'Earum sed nesciunt impedit omnis enim modi temporibus sed quibusdam cupiditate quia repudiandae nam.', 'Earum sed nesciunt impedit omnis enim', 'Nunc nulla fusce risus nisl viverra et tempor et pretium in sapien donec venenatis vulputate. Lorem maecenas feugiat fermentum nunc fusce commodo mollis dui in bibendum. Pellentesque ut neque pellentesque massa sit amet enim nunc ut metus volutpat.', '<p>Ut aspernatur et eos minima consequatur. Corrupti placeat et et. Inventore consequatur iure modi accusantium quos. Accusantium rerum corrupti minus.</p><p>Ipsam quaerat est dolor. Ipsam mollitia non id voluptas nihil id culpa. Blanditiis cumque ea non repellat minima.</p><p>Voluptas eos dolorem eius voluptates aliquid molestias. Ea voluptatum eos sit. Voluptatem odit molestiae architecto accusamus sequi.</p><p>Sint quaerat et nostrum sit quia. Ratione et totam distinctio fugiat quos aut fugiat. Est dolore hic rem quo ex molestiae inventore.</p><p>Autem labore nihil praesentium deserunt alias eum quis. Dolor dicta et et in.</p><p>Necessitatibus doloremque ullam est quis. Voluptatibus qui fugiat sint. Tempore aperiam nesciunt et magnam recusandae.</p>', 'images/photo-1568992687947-868a62a9f521.jpg', 6, 4, 5, '2024-01-17 17:38:25', '2024-01-18 16:39:29'),
(34, 'Fugit aperiam exercitationem accusantium necessitatibus explicabo dolor pariatur quis.', 'Fugit aperiam exercitationem accusantium necessitatibus expl', 'Morbi mattis ullamcorper velit phasellus gravida semper nisi nullam vel sem pellentesque libero. Curabitur vulputate vestibulum lorem sed risus ultricies tristique nulla aliquet enim tortor. At auctor urna nunc id cursus metus aliquam eleifend mi in nunc posuere.', '<p>Nam illo corrupti delectus molestias. Rem natus voluptatibus dolore blanditiis. Harum ipsam eaque ex quas. Eos aut id voluptas ut accusamus voluptas culpa error.</p><p>Numquam quibusdam optio nihil fuga sapiente. Dolores est autem eos maiores asperiores nemo nihil.</p><p>Et tempora est nam animi. Eveniet omnis culpa voluptatem modi omnis. Omnis placeat voluptas excepturi harum quia. Saepe inventore cumque modi nesciunt rem.</p><p>Reiciendis odio quod aperiam voluptatem perferendis dolor quos possimus. Laudantium sapiente animi illum vitae. Perspiciatis alias culpa nobis commodi aut totam recusandae. Quam aut ut voluptatem rerum.</p><p>Eum nesciunt similique maiores tempore. Cum dicta consectetur corrupti optio veritatis est. Eligendi possimus nostrum et et velit exercitationem esse ad. Consequatur dolorem commodi est deserunt.</p><p>Repellat suscipit rerum illo maxime numquam accusantium quos non. Recusandae aut facilis aut velit facere ex.</p>', 'images/photo-1478940020726-e9e191651f1a.jpg', 22, 1, 2, '2024-01-17 17:38:26', '2024-01-18 16:39:29'),
(35, 'In expedita molestiae dolorem facere quasi est ut iste nemo.', 'In expedita molestiae dolorem facere quasi', 'Sed magna purus fermentum eu tincidunt eu varius ut felis in auctor lobortis lacus. Vestibulum ante ipsum primis in faucibus orci luctus et ultrices posuere cubilia curae. Proin faucibus arcu quis ante in consectetuer turpis ut velit nulla sit amet.', '<p>Aut et omnis recusandae quam. Voluptates cupiditate nulla aut suscipit. Provident corporis saepe placeat soluta veritatis sit. Delectus aspernatur quod dolores iste mollitia distinctio.</p><p>Nesciunt repudiandae enim et repellat nam. Maxime dolorum voluptatem explicabo itaque occaecati omnis modi eum. Voluptatem et facere eligendi sunt et.</p><p>Eaque debitis doloribus et corrupti. Ex velit sint eos quasi. Sunt et illum odio velit inventore. Rerum est occaecati earum iusto adipisci veritatis reprehenderit.</p><p>Ab nihil sit distinctio ut et vero. Distinctio aut commodi nihil minima eum nisi. Praesentium totam minus veritatis et molestias.</p><p>Dignissimos voluptates qui minus et provident qui ut. Est qui aut eos alias accusamus consequuntur sit. Repellat maxime dicta enim autem maxime recusandae.</p><p>Fuga quia consequatur ratione magni explicabo sequi. Maiores vel sit quia eaque. Ipsa quibusdam earum molestiae.</p><p>Dolore rem possimus saepe culpa a quibusdam. Cupiditate distinctio dolorem ut sequi exercitationem. Veniam recusandae velit assumenda sint nam fugiat inventore.</p><p>Et ipsam dolore cum eos magni quisquam. Omnis ipsum repudiandae nisi sed. Aut exercitationem ut eligendi nam vero perferendis et.</p><p>Et quos cumque eveniet et quam molestias tempore. Dolores ipsa nesciunt ipsam odio aut aut. Officiis blanditiis architecto doloremque necessitatibus neque. Neque dolore sed earum similique maiores ex vel ut.</p>', 'images/photo-1618972676849-feed401eacc5.jpg', 24, 3, 10, '2024-01-17 17:38:26', '2024-01-18 16:39:29'),
(36, 'Dolor nobis aliquid occaecati voluptate eligendi quae aspernatur ipsa suscipit molestiae velit sed.', 'Dolor nobis aliquid occaecati voluptate eligendi', 'Quisque id mi ut tincidunt tincidunt erat etiam feugiat lorem non metus vestibulum dapibus. Nunc ac augue curabitur vestibulum aliquam leo pellentesque egestas neque sit amet. Convallis pulvinar vestibulum ante ipsum primis in faucibus orci luctus et ultrices.', '<p>Molestiae in saepe placeat facilis. Praesentium aliquid aut temporibus consequatur temporibus est. Dolorem porro ut aspernatur labore ipsum quae.</p><p>Eius amet qui autem temporibus dignissimos ea. Praesentium omnis non sint quis alias sit. Facilis et est optio ut natus odit. Qui labore esse id vel.</p><p>Dignissimos voluptas assumenda deleniti totam illum aut. Quidem debitis vero tempora ut hic sit earum optio. Dolorem sit culpa aut voluptatem accusamus. Dolores ullam beatae libero aut voluptatem consequuntur perspiciatis et. Id natus numquam harum.</p><p>Sunt ex eos fugiat nihil vel consequatur. Quibusdam porro laudantium sit. Reprehenderit nihil debitis quasi et in culpa praesentium. Perferendis facere nulla dolores eos expedita facere non.</p><p>Quod totam velit minus distinctio quasi ea reiciendis. Ut eos et est possimus earum sit. Magnam qui illum adipisci voluptatum velit sed rerum quasi.</p><p>Asperiores et voluptatem rem omnis vel. Ea ullam soluta ut aut in. Fuga nesciunt ipsa error qui. Quam unde est dignissimos omnis.</p><p>Velit sit optio eum ea delectus vel voluptas. Rerum quis eveniet sed provident omnis veritatis. Eligendi dolore neque veniam sequi qui. Eum est et est laboriosam quia.</p><p>Exercitationem et ut sit molestiae. Quis quis id adipisci nihil. Ea qui ratione expedita beatae. Veniam enim cum qui hic sed accusantium.</p>', 'images/photo-1503551723145-6c040742065b-v2.jpg', 12, 4, 5, '2024-01-17 17:38:27', '2024-01-18 16:39:29'),
(37, 'Laudantium temporibus rerum maxime id cupiditate ab ut omnis ipsam non natus sint eius corporis.', 'Laudantium temporibus rerum maxime id cupiditate', 'Aliquam erat volutpat nunc fermentum tortor ac porta nonummy mauris ipsum lacus pellentesque. Fusce posuere felis sed lacus morbi sem mauris laoreet ut rhoncus aliquet pulvinar. Sed nisl nunc rhoncus dui vel sem sed sagittis nam congue risus semper.', '<p>Dignissimos eum quia accusamus assumenda repellendus praesentium pariatur consequatur. Facilis asperiores magni facere quia iure quia et omnis. Sit natus officia aut nostrum molestiae quia aut saepe.</p><p>Ab maxime et exercitationem eum quidem. Fugit dolores vel cum quia ut qui. Corporis illo praesentium omnis et excepturi et doloribus sunt.</p><p>Rerum adipisci eaque dolor et reprehenderit mollitia. Hic sunt optio voluptatem at sed voluptas maiores. Dolor rem illum rerum harum quo maxime debitis at. Aut cumque autem facilis aut rerum nihil molestias rerum.</p><p>Ut quaerat numquam exercitationem. Quae veniam ullam et nulla. Deleniti velit et dolores nihil molestiae rem.</p><p>Enim quas neque id asperiores error nisi. Itaque similique cum explicabo pariatur repellendus sit similique et. Natus praesentium praesentium distinctio suscipit. Quod quibusdam et dolorem quisquam sit eum. Numquam qui expedita voluptatem alias.</p><p>Tenetur explicabo delectus at saepe maxime dolor. Quidem quia qui dolore rerum ut voluptatem temporibus. Ratione magni molestiae sunt rem quis veniam. Reprehenderit et quam sed quis veritatis dolores.</p><p>Vitae quia tempore rerum voluptatem totam sit aut. Hic qui sint modi tenetur est occaecati. Sed optio omnis non maxime repellendus dolorem quia. Esse sed sed magnam quaerat ducimus rem.</p><p>Reiciendis atque distinctio odio dolores tempore aut est. Dicta hic error nisi quaerat ea. Eum et maxime excepturi ut voluptatum ut.</p><p>Nam qui molestiae est accusantium. Dolor nemo et cum sed reprehenderit dignissimos consequuntur. Ea perferendis quia accusantium. Cumque et qui ut expedita voluptatem.</p>', 'images/photo-1576400883215-7083980b6193.jpg', 9, 5, 10, '2024-01-17 17:38:27', '2024-01-18 16:39:29');

INSERT INTO `stories` (`id`, `headline`, `short_headline`, `subheadline`, `article`, `img_url`, `author_id`, `category_id`, `location_id`, `created_at`, `updated_at`) VALUES
(38, 'Non ipsum autem voluptatem modi vel minima voluptas ut a molestiae.', 'Non ipsum autem voluptatem modi vel', 'Phasellus dolor maecenas vestibulum mollis diam pellentesque ut neque pellentesque habitant morbi. Tristique senectus et netus et malesuada fames ac turpis egestas proin pharetra nonummy. Pede mauris molestie magna sed malesuada auctor nulla cras mi pede malesuada.', '<p>Aut dolores officia doloremque architecto aliquid molestiae dolor. Est non pariatur officia velit. Sit magnam nihil ea temporibus aspernatur. Aliquam eum earum ullam quia quo ut velit.</p><p>Enim et voluptate dolorem incidunt expedita tempore aliquid. Labore non nisi quae. Corporis vel libero fuga voluptatibus a natus enim.</p><p>Rem tempore quae eum sed est unde est. Ipsum eum quam eveniet dolore et ut. Consequatur quia dolorum nobis vitae illo explicabo assumenda. Placeat voluptas aut ea molestiae.</p><p>Qui dolorem quod magni quia velit voluptates. Odio voluptas qui minus mollitia quae iure. Excepturi quia sit repudiandae.</p><p>Est iste nam ab qui. Et occaecati dolor quasi blanditiis. Sit rerum quam qui quia odit iure officia non. Omnis maiores aut exercitationem voluptas quibusdam aut dolorem.</p><p>Asperiores nam est soluta minima beatae qui. Quia porro non cupiditate ea repellendus eum.</p>', 'images/photo-1498644035638-2c3357894b10.jpg', 4, 6, 8, '2024-01-17 17:38:28', '2024-01-18 16:39:29'),
(39, 'Voluptate a facere dolores aut eaque voluptatem quos unde sit voluptatibus officiis eaque est.', 'Voluptate a facere dolores aut eaque', 'In dui magna posuere eget vestibulum et tempor auctor justo in ac felis quis tortor malesuada. Pretium sit amet magna aenean pellentesque nec ante proin sapien ipsum porta a pharetra. Sed nisl nunc rhoncus dui vel sem sed sagittis nam congue risus semper porta.', '<p>Est alias deleniti est. Ipsum magni expedita id maiores suscipit quasi.</p><p>Molestiae quo at porro omnis. Rem qui excepturi fugiat possimus architecto incidunt sequi. Aut omnis aut quo natus at sed. Assumenda at repellat nihil. Quisquam excepturi recusandae necessitatibus odit sapiente.</p><p>Cumque non soluta nulla tempore. Recusandae voluptatem et molestias ratione earum aut natus. Ratione culpa culpa aut atque quaerat. In omnis beatae porro.</p><p>Quis facilis officia itaque aut nostrum non. Sint illo accusamus est minus nulla maiores. Qui cumque quia tempore. Explicabo consequatur natus consequuntur dolorem quod aut rerum qui. Aut vitae fugiat vitae sunt et ut.</p><p>Necessitatibus et adipisci esse quod explicabo et tempora. Qui aut ipsa nulla quasi nisi blanditiis. Corporis est inventore libero velit doloribus. Sunt eos laboriosam in ea.</p><p>Quisquam quis vero numquam est aliquam ut. Deleniti voluptas ut tenetur. Et soluta amet earum non.</p><p>Magni sunt numquam et quasi perferendis pariatur soluta. Velit ipsum id quia. Saepe esse voluptas molestias sed incidunt perferendis cum perspiciatis. Et quidem in voluptatum.</p><p>Doloremque quis sint magnam dignissimos. Quis voluptates est soluta iure quia quia excepturi. Corporis incidunt est iusto exercitationem dolores. Vitae asperiores nihil libero cupiditate.</p><p>Vel soluta ullam est eaque consectetur libero laboriosam. Iusto voluptatem laboriosam recusandae dicta et. Voluptatem molestias facilis saepe aut magnam qui corrupti. Voluptatem repudiandae fugit esse quis rerum facilis.</p>', 'images/photo-1423666639041-f56000c27a9a.jpg', 14, 5, 7, '2024-01-17 17:38:28', '2024-01-18 16:39:29'),
(40, 'Temporibus ut dolores neque qui commodi nemo suscipit velit vitae.', 'Temporibus ut dolores neque qui commodi', 'Proin faucibus arcu quis ante in consectetuer turpis ut velit nulla sit amet est praesent metus. Tellus ac cursus commodo rhoncus aenean vel elit scelerisque mauris vitae ultricies. Leo integer malesuada nunc vel risus commodo viverra maecenas accumsan lacus vel.', '<p>Voluptatem modi perferendis consequuntur dolor similique quisquam dolorem. Ducimus officia nobis earum beatae eligendi quod possimus. Eos similique voluptatem cum placeat rerum fuga culpa voluptate. Doloribus porro totam veritatis occaecati dolorum hic.</p><p>Iusto qui dolore dignissimos error minima. Iste corrupti error expedita qui. Nihil et tenetur sed autem.</p><p>Et doloribus dolorum voluptatem tenetur atque fugit laboriosam nisi. Eveniet et voluptatem atque similique soluta. Beatae neque voluptatibus reiciendis quo ipsam.</p><p>Omnis nulla aut sit voluptatibus eius minus. Quasi dolorum qui voluptas ut aut.</p><p>Ipsum aut vel numquam. Eaque molestias animi repellendus qui commodi aut veritatis quo. Eum eos quasi dolorum voluptas temporibus.</p><p>Laudantium eveniet alias fugit et architecto. Et non veritatis quia commodi dicta et atque dolores. Veniam odit in maiores officiis.</p><p>Aut sequi suscipit ullam sunt. Odio eum voluptatibus iusto dolorum quis soluta ratione. Soluta ut minima cumque pariatur reprehenderit maxime quisquam. Molestiae est dolores necessitatibus qui accusamus omnis laboriosam. Itaque voluptatem pariatur soluta cupiditate nulla enim aut.</p><p>Laboriosam est qui qui ea. Voluptates reprehenderit occaecati facilis reprehenderit dicta. Corporis et dolorem eligendi aut exercitationem.</p>', 'images/photo-1505373877841-8d25f7d46678.jpg', 13, 1, 3, '2024-01-17 17:38:29', '2024-01-18 16:39:29'),
(41, 'Nemo aut optio sit quas sequi ea quam.', 'Nemo aut optio sit quas sequi', 'Vestibulum facilisis purus nec pulvinar iaculis ligula mi congue nunc vitae euismod ligula urna. In blandit sem in leo ullamcorper placerat nullam quis risus eget urna. Mollis ornare vel eu leo nam commodo suscipit quam etiam habitasse platea dictumst.', '<p>Incidunt aperiam nulla est corporis sit. Qui reiciendis in eveniet et reprehenderit. Corrupti facilis voluptatem id ipsum.</p><p>Nesciunt commodi consequatur perspiciatis fugiat. Non ut doloribus doloremque et nostrum sapiente nemo. Omnis rem et expedita deleniti corrupti optio nihil.</p><p>Fuga magnam velit quia inventore eaque qui ducimus molestiae. Repellat consectetur ex dolor distinctio quisquam fugiat ut rerum. Repudiandae architecto exercitationem est sunt non. Repellendus ut quo eligendi vero et et corrupti error.</p><p>Debitis porro voluptas voluptas mollitia. Adipisci veniam qui dignissimos ab ea molestiae. Sequi voluptates libero dolores sequi. Delectus quas nulla et repudiandae.</p><p>Velit officiis qui consequatur nisi amet. Consectetur laboriosam aut quia velit sunt rerum. Harum laudantium inventore ut quia maiores.</p>', 'images/photo-1607031767660-1685ab36ec8d.jpg', 7, 1, 14, '2024-01-17 17:38:29', '2024-01-18 16:39:29'),
(42, 'Omnis eaque quia minus autem blanditiis sequi qui illum totam omnis asperiores sit consequatur mollitia dolores quia.', 'Omnis eaque quia minus autem blanditiis', 'Quisque id odio praesent mauris fusce neque suspendisse faucibus cursus risus nisl viverra. Nullam eu pede mollis pretium integer tincidunt cras dapibus vivamus elementum semper. Nisi aenean vulputate eleifend tellus aenean leo ligula porttitor eu consequat vitae.', '<p>Temporibus inventore fugit provident adipisci debitis optio quos. Quae non tenetur quis commodi et officia dolorem qui.</p><p>Eum quas tenetur molestias eaque occaecati repellat. Culpa inventore odit expedita veritatis incidunt. Sit soluta rerum facilis vel consequatur quis. Aut amet accusamus fugiat sunt et ut maiores.</p><p>Debitis sequi qui repellat aspernatur repellendus. Consequuntur qui et voluptas officiis. Doloremque et aut eos ut ut et. Hic veniam aspernatur cupiditate voluptatem.</p><p>Excepturi illum quis sed accusantium. In doloribus cum eveniet iusto est ut dolorum rerum. Omnis non amet hic aliquid consequatur numquam.</p><p>Ea ut provident perferendis non omnis voluptatem. Sed aliquam consectetur deleniti sed et nam. Eum accusantium corrupti animi reiciendis dolore.</p><p>Ea et itaque quam in quidem. At aperiam iste exercitationem quis. Ducimus eveniet ut commodi hic asperiores corporis commodi. Facere veritatis tempora omnis dolore corporis cupiditate.</p>', 'images/photo-1585511543349-172d6c653ce7.jpg', 7, 2, 1, '2024-01-17 17:38:30', '2024-01-18 16:39:29'),
(43, 'Dolorem aut repellendus iusto voluptas ut debitis aut.', 'Dolorem aut repellendus iusto voluptas ut', 'Etiam imperdiet imperdiet orci nunc nec neque phasellus leo dolor tempus non auctor et hendrerit. Quis pede praesent mauris fusce neque suspendisse faucibus cursus risus viverra et. Tempor et pretium in sapien donec venenatis vulputate lorem maecenas feugiat fermentum.', '<p>Molestias magnam quas voluptates. Enim omnis tempore molestiae voluptatem et recusandae. Vitae dolore aliquid repellat dolorem enim consequatur nobis. Totam culpa voluptatem ipsam dolorem sed dicta.</p><p>Voluptas nostrum ipsa fuga. Mollitia esse occaecati et ex aspernatur. Quo eligendi qui aliquam vel voluptas id.</p><p>Possimus est ducimus magnam. Quia consequuntur mollitia perspiciatis voluptas cupiditate esse ratione. Ea dolore provident reprehenderit eligendi nam corrupti sed. Dolorem accusamus voluptas consequatur vitae.</p><p>Optio voluptatibus error adipisci cupiditate. Ad dolor exercitationem cum quia esse facilis. Reiciendis velit quia provident fugiat.</p><p>Reprehenderit iure voluptas laboriosam vel voluptatem adipisci. Voluptates voluptas voluptatem sed rerum sed consequatur. Repudiandae perspiciatis ratione molestiae repellendus iste ea. Molestiae sequi perferendis error fuga ad.</p><p>Qui quo iure recusandae consequuntur est. Officiis non omnis accusamus magnam maxime officiis eum. Tempora fugit ratione distinctio amet rerum.</p>', 'images/photo-1620712943543-bcc4688e7485.jpg', 10, 5, 9, '2024-01-17 17:38:31', '2024-01-18 16:39:29'),
(44, 'Et magnam quasi veritatis dolor possimus corrupti sunt fuga ratione rerum voluptatem.', 'Et magnam quasi veritatis dolor possimus', 'Aenean massa cum sociis natoque penatibus et magnis dis parturient montes nascetur ridiculus mus. Donec quam felis ultricies nec pellentesque eu pretium quis sem nulla consequat. Massa quis enim donec pede justo fringilla vel aliquet nec vulputate eget arcu.', '<p>Iste et dolorem quas nulla. Culpa repellendus ipsam quasi occaecati vel aperiam natus ducimus. Aut qui hic ipsum.</p><p>Veniam qui dolore repellat. Quas magnam explicabo consequatur ut. Fuga similique fugiat asperiores unde ut quam non. Dolor nostrum a adipisci numquam est.</p><p>Quod reprehenderit ipsam quidem esse aut doloremque. Doloremque nulla odit consectetur. Pariatur corporis architecto consequatur error repellat voluptates qui.</p><p>Qui quasi optio dolores rerum. Velit unde consequatur aspernatur a quia voluptatem. Et nemo esse cupiditate suscipit.</p><p>Aut eos dolor unde voluptatibus. Aut sapiente maxime atque aspernatur fuga culpa. Et minima aut alias. Omnis sit deserunt ab aut voluptates suscipit sint.</p><p>Molestiae dolor quisquam laborum sunt ab fuga. Sunt natus rem accusantium suscipit reiciendis aut voluptatibus. Aliquid sapiente eaque expedita ea voluptatem. Aut praesentium molestiae autem nostrum a aut.</p><p>Aut nesciunt et eveniet ut. Quis voluptatem fugiat assumenda quibusdam. Soluta consequatur qui eos impedit aut voluptate at.</p>', 'images/photo-1593359863503-f598684c806f.jpg', 16, 3, 14, '2024-01-17 17:38:31', '2024-01-18 16:39:29'),
(45, 'Suscipit suscipit labore id ratione esse alias commodi sed.', 'Suscipit suscipit labore id ratione esse', 'Donec quam felis ultricies nec pellentesque eu pretium quis sem nulla consequat massa quis enim. Donec pede justo fringilla vel aliquet nec vulputate eget arcu in enim justo. Rhoncus ut imperdiet a venenatis vitae justo nullam dictum felis eu pede mollis.', '<p>Harum quasi rerum accusamus optio adipisci praesentium dolores qui. Quidem perspiciatis eum veritatis est rerum. Distinctio odio sequi provident ut dolore aut qui. Sint veritatis aliquid non ipsa voluptatem repellendus soluta.</p><p>Architecto hic nesciunt veniam et placeat non. Commodi quo voluptates ut quos repellat dolor est.</p><p>Alias debitis tempore iusto numquam odio. Ex quia reprehenderit consequatur. Optio deleniti autem eum sunt vitae occaecati accusamus.</p><p>Qui et quo voluptatem explicabo voluptate. Mollitia voluptatem qui numquam eum dignissimos occaecati. Animi est quo temporibus expedita officiis.</p><p>At quia enim nesciunt nihil. Ad dolores culpa ut enim consequatur et aut at. Provident delectus incidunt qui nihil quisquam adipisci nam rerum. Animi omnis dicta laudantium quia amet molestias.</p><p>Quibusdam nihil officiis et incidunt nihil culpa. Sapiente fugiat accusamus ipsa quae. Quasi praesentium voluptas numquam reiciendis ut.</p>', 'images/photo-1607962252666-2c33af3c6ba6.jpg', 22, 7, 5, '2024-01-17 17:38:32', '2024-01-18 16:39:29'),
(46, 'Nobis qui atque omnis doloribus quae repellendus explicabo tenetur beatae.', 'Nobis qui atque omnis doloribus quae', 'Vivamus quis mi phasellus a est phasellus magna in hac habitasse platea dictumst curabitur at. Lacus ac erat morbi quis tortor id nulla ultrices aliquet maecenas leo odio. Condimentum id venenatis a condimentum vitae sapien pellentesque habitant morbi tristique.', '<p>Ut aut sequi rerum exercitationem accusamus aliquid. Ut odio odit quia vel facilis quia. In nisi maiores repellat magnam sit aut aliquam. Voluptatem accusantium quos sed vel.</p><p>Qui ut consequuntur doloremque id nostrum doloribus. Aut nesciunt sint tenetur qui unde perferendis.</p><p>Itaque nemo nostrum quos maiores aut magni quibusdam. Et assumenda eaque cumque necessitatibus corporis est dolores consequatur.</p><p>Itaque similique alias omnis delectus. Explicabo et odit exercitationem est. At dolores est consectetur pariatur. Architecto voluptas distinctio et optio quod.</p><p>In aut voluptatem quia ducimus facilis nostrum. Est necessitatibus inventore amet impedit neque aut nulla sint. Sunt quis recusandae quo libero reprehenderit ex. Porro similique sit voluptas porro officiis ut.</p><p>Aliquid rerum libero blanditiis alias. Optio tempora cum velit eos temporibus voluptatibus. Asperiores ea omnis exercitationem quo voluptatem.</p><p>Aut explicabo pariatur doloremque dolor nihil. Provident blanditiis iste error nobis eligendi iusto consequatur. Voluptates consequatur reprehenderit officia.</p>', 'images/photo-1516826458436-47272f74ac5d.jpg', 23, 6, 6, '2024-01-17 17:38:32', '2024-01-18 16:39:29'),
(47, 'Eius totam quia enim eos at eveniet a iusto aut aut et nihil consequatur ut est.', 'Eius totam quia enim eos at', 'Nullam cursus lacinia erat praesent blandit laoreet nibh fusce convallis metus id felis luctus. Adipiscing ante nisl ut dignissim amet porta mattis ultrices at elit pellentesque. Habitant morbi tristique senectus et netus et malesuada fames ac turpis egestas.', '<p>Rerum quia est veritatis aliquam. Aut esse error distinctio eligendi.</p><p>Quis sunt ratione rerum eveniet. Maxime enim at inventore possimus nostrum. Et quia et maxime eius eveniet et.</p><p>Aut ullam harum quisquam nesciunt. Qui quia in qui corrupti et tempora cumque. Mollitia sit occaecati maiores odio quam rerum.</p><p>Numquam nesciunt assumenda magni accusamus iste. Neque perferendis et aut eum. Provident ut sunt atque ut.</p><p>Molestiae rerum rerum enim aliquid minima harum doloremque dolorem. Quo quisquam aspernatur voluptas et velit laudantium. Fugit consequatur reprehenderit ut aut. Iusto rerum et natus voluptatem.</p><p>Aut facilis quidem et ratione explicabo occaecati ipsam quas. Voluptatem quia exercitationem eos eos. Quo non qui ea similique.</p><p>Nobis voluptatem in aperiam voluptas et iure suscipit. Quo numquam eaque omnis at rem harum et. Quo eaque explicabo sed ut suscipit.</p><p>Aspernatur eligendi corrupti aperiam. Velit quo porro id dignissimos nobis sint. Suscipit nobis rerum modi et excepturi esse neque.</p><p>Ducimus autem voluptatum dolores earum labore ea. Accusamus sit placeat odio quasi. Et est rerum ea qui et perspiciatis sit. Animi suscipit adipisci molestiae aut.</p>', 'images/photo-1498050108023-c5249f4df085.jpg', 9, 5, 6, '2024-01-17 17:38:33', '2024-01-18 16:39:29'),
(48, 'Temporibus perspiciatis enim est voluptas dolorum eos sequi accusamus odio sit iusto eligendi nostrum ut quam.', 'Temporibus perspiciatis enim est voluptas dolorum', 'Duis lobortis massa imperdiet quam phasellus blandit leo ut odio maecenas ullamcorper dui placerat. Feugiat eros pede varius ut pharetra sit amet aliquam massa cras malesuada. Auctor nulla cras mi pede malesuada in imperdiet et commodo vulputate justo.', '<p>Facilis est et maiores beatae sint numquam. Sed et et excepturi ut aliquid architecto perspiciatis deserunt. A quasi ut quis qui consequuntur repudiandae.</p><p>Est consequuntur et accusamus veritatis dolores veritatis. Qui nesciunt molestias omnis est. Qui repudiandae tenetur libero et praesentium dicta.</p><p>Est illo omnis et odit eum quo ad. Blanditiis ratione voluptatem deserunt adipisci molestias.</p><p>Harum animi debitis dolorum doloremque id iusto. Delectus deserunt voluptatem culpa voluptas nisi consequatur iste dolorem.</p><p>Nemo pariatur suscipit dolorum distinctio cupiditate a. Numquam aut voluptas veniam explicabo. Accusantium enim at molestias ut rerum nihil.</p><p>Consequatur facilis ad suscipit ea sunt maiores sit nostrum. Aliquid reprehenderit rerum doloribus veritatis voluptas placeat tempora. Sit omnis dicta ut at natus. Eos odit occaecati ad magnam consequatur officia.</p>', 'images/photo-1504711434969-e33886168f5c.jpg', 2, 1, 5, '2024-01-17 17:38:33', '2024-01-18 16:39:29'),
(49, 'Neque non qui a ea cum eum temporibus fugiat corporis in debitis veritatis similique id consequatur et.', 'Neque non qui a ea cum', 'Sed hendrerit morbi ac felis nunc egestas augue at pellentesque laoreet felis eros vehicula leo. Praesent pharetra diam at nibh blandit suscipit ligula dignissim quis imperdiet dictum porta. Cras ultricies mi eu turpis hendrerit fringilla vestibulum ante ipsum primis.', '<p>Corrupti maxime fugit quia. Laudantium maxime quis ducimus dolore ea dolorem in. Qui molestias vel quis blanditiis beatae commodi quo.</p><p>Suscipit distinctio repudiandae repudiandae repudiandae voluptatum. Eos placeat quod omnis est. Quae praesentium quo facere error possimus.</p><p>Voluptatem qui expedita harum nisi ut debitis. Temporibus accusantium ut ut dolores. Incidunt eveniet quis rem modi nemo fugit neque sequi.</p><p>Doloremque aut vel quae dolorum ad et qui. Non eos velit repellat repudiandae quia. Dolorum officiis ratione nisi dolor id.</p><p>Voluptatem sed at ea omnis. Quaerat qui sequi dolores nisi non debitis.</p><p>Minima atque molestiae magnam dolorem qui dolor fugiat laudantium. Minus sit quia aut repellendus eaque. Enim cupiditate voluptatem sequi iusto. Qui illo id nobis veniam quasi sit aut.</p><p>Quasi omnis ipsum nobis itaque. Id non beatae ut. Corrupti ut labore voluptatem consequatur vero reiciendis.</p><p>Eligendi vel aut cumque facere vel. Hic debitis occaecati molestiae illo. Aut aut sit molestiae.</p><p>Ducimus architecto sit occaecati blanditiis sit beatae aut. Dolorem quia ad autem. Nisi eos sed nemo eos perferendis aspernatur exercitationem.</p>', 'images/photo-1476242906366-d8eb64c2f661.jpg', 11, 1, 15, '2024-01-17 17:38:34', '2024-01-18 16:39:29'),
(50, 'Optio porro rerum doloribus voluptas doloremque quibusdam corrupti consequatur aut et molestiae aut ut aut.', 'Optio porro rerum doloribus voluptas doloremque', 'Praesent egestas neque eu enim in hac habitasse platea dictumst fusce a quam nunc nulla. Phasellus viverra nulla ut metus varius laoreet quisque rutrum aenean imperdiet etiam. Ultricies nisi nam quam nunc blandit vel luctus pulvinar hendrerit id lorem.', '<p>Modi expedita enim suscipit. Asperiores molestiae est sunt saepe est praesentium incidunt. Inventore nam sint alias consectetur molestiae provident blanditiis. Voluptas error mollitia perspiciatis.</p><p>Laboriosam rerum eveniet quis dolorum fuga accusamus est. Enim est facilis nihil facere est voluptatem fugiat. Earum quis atque doloremque qui est ducimus blanditiis.</p><p>Et est inventore ab est ipsa a. Eius aut dolores esse porro facere sed sed. Et modi ab vel consequatur ipsam architecto aperiam. Dolores error aut quasi sint voluptatem dignissimos rerum.</p><p>Perferendis similique rerum maiores voluptatum id tenetur quidem. Provident qui autem doloribus non perferendis amet. Distinctio libero sequi magni. Quis temporibus voluptatem reiciendis aliquid.</p><p>Ea voluptatem dicta odio est et dignissimos rerum. Aliquid omnis neque inventore reiciendis et. Ut quam mollitia hic fuga eligendi asperiores voluptates reiciendis. Non molestiae tempora ab.</p>', 'images/photo-1461749280684-dccba630e2f6.jpg', 12, 5, 6, '2024-01-17 17:38:34', '2024-01-18 16:39:29');

ALTER TABLE `authors`
  ADD PRIMARY KEY (`id`);

ALTER TABLE `categories`
  ADD PRIMARY KEY (`id`);

ALTER TABLE `locations`
  ADD PRIMARY KEY (`id`);

ALTER TABLE `stories`
  ADD PRIMARY KEY (`id`),
  ADD KEY `author_id` (`author_id`),
  ADD KEY `category_id` (`category_id`),
  ADD KEY `location_id` (`location_id`);

ALTER TABLE `authors`
  MODIFY `id` int(11) NOT NULL AUTO_INCREMENT;

ALTER TABLE `categories`
  MODIFY `id` int(11) NOT NULL AUTO_INCREMENT;

ALTER TABLE `locations`
  MODIFY `id` int(11) NOT NULL AUTO_INCREMENT;

ALTER TABLE `stories`
  MODIFY `id` int(11) NOT NULL AUTO_INCREMENT;

ALTER TABLE `stories`
  ADD CONSTRAINT `stories_ibfk_1` FOREIGN KEY (`author_id`) REFERENCES `authors` (`id`),
  ADD CONSTRAINT `stories_ibfk_2` FOREIGN KEY (`category_id`) REFERENCES `categories` (`id`),
  ADD CONSTRAINT `stories_ibfk_3` FOREIGN KEY (`location_id`) REFERENCES `locations` (`id`);
